filament_id,segmentation_rle
20111015063134Lh_1,PPP2
20111017113714Th_1,PPP2
20111114063134Lh_1,PPP2
20111122063134Lh_1,PPP2
20111124153054Bh_1,PPP2
20111128175514Mh_1,PPP2
20111208173814Mh_1,PPP2
20111216103234Ch_1,PPP2
20111216174914Mh_1,PPP2
20120107063134Lh_1,PPP2
20120111191454Bh_1,PPP2
20120115063134Lh_1,PPP2
20120218152654Bh_1,PPP2
20120402105814Th_1,PPP2
20120402164214Mh_1,PPP2
20120405130014Th_1,PPP2
20120512063234Lh_1,PPP2
20120528063154Uh_1,PPP2
20120606063154Uh_1,PPP2
20120622063154Uh_1,PPP2
20120707070914Th_1,PPP2
20120710063134Lh_1,PPP2
20120730072014Th_1,PPP2
20120813063134Lh_1,PPP2
20120930063534Lh_1,PPP2
20121024073354Uh_1,PPP2
20121125063154Uh_1,PPP2
20121203063334Lh_1,PPP2
20121206063154Uh_1,PPP2
20121216154954Bh_1,PPP2
20121220110614Th_1,PPP2
20121229085414Th_1,PPP2
20130104104234Ch_1,PPP2
20130110085614Th_1,PPP2
20130206063154Uh_1,PPP2
20130208063134Lh_1,PPP2
20130213063454Uh_1,PPP2
20130310063154Uh_1,PPP2
20130315063154Uh_1,PPP2
20130328063154Uh_1,PPP2
20130521063134Lh_1,PPP2
20130526063134Lh_1,PPP2
20130530133654Bh_1,PPP2
20130603063154Uh_1,PPP2
20130606133454Bh_1,PPP2
20130609133454Bh_1,PPP2
20130627063134Lh_1,PPP2
20130702070714Th_1,PPP2
20130811121434Ch_1,PPP2
20130825141154Bh_1,PPP2
20131027185354Bh_1,PPP2
20131027223034Lh_1,PPP2
20131110185354Bh_1,PPP2
20131217192134Ch_1,PPP2
20131230192154Bh_1,PPP2
20140118180214Mh_1,PPP2
20140309170314Mh_1,PPP2
20140322200714Mh_1,PPP2
20140403081714Th_1,PPP2
20140410195814Mh_1,PPP2
20140420195854Bh_1,PPP2
20140514195854Bh_1,PPP2
20140516234034Lh_1,PPP2
20140519195834Ch_1,PPP2
20140520200054Bh_1,PPP2
20140526195834Ch_1,PPP2
20140629195814Mh_1,PPP2
20140707023654Uh_1,PPP2
20140710020754Uh_1,PPP2
20140828080414Th_1,PPP2
20140907195814Mh_1,PPP2
20140925195834Ch_1,PPP2
20141009195814Mh_1,PPP2
20141104195854Bh_1,PPP2
20141120195834Ch_1,PPP2
20141220201934Ch_1,PPP2
20141222201814Mh_1,PPP2
20150105104334Ch_1,PPP2
20150124081954Uh_1,PPP2
20150430082014Th_1,PPP2
20150601122834Ch_1,PPP2
20150602122934Ch_1,PPP2
20150619133554Bh_1,PPP2
20150620161314Mh_1,PPP2
20150623152934Ch_1,PPP2
20150913082034Lh_1,PPP2
20151003081954Uh_1,PPP2
20151015170634Ch_1,PPP2
20151026171014Mh_1,PPP2
20151117212434Ch_1,PPP2
20151204133714Th_1,PPP2
20151207173614Mh_1,PPP2
20151214171854Bh_1,PPP2
20151227133734Ch_1,PPP2
20160116133734Ch_1,PPP2
20160226151654Bh_1,PPP2
20160311020654Uh_1,PPP2
20160312020554Uh_1,PPP2
20160327133714Th_1,PPP2
20160327133734Ch_1,PPP2
20160405014154Uh_1,PPP2
20160505025554Uh_1,PPP2
20160513133714Th_1,PPP2
20160602010754Uh_1,PPP2
20160713133714Th_1,PPP2
20160820233134Lh_1,PPP2
20160828133734Ch_1,PPP2
20160930165914Mh_1,PPP2
20161015144954Bh_1,PPP2
20161019133714Th_1,PPP2
20161020145454Bh_1,PPP2
20161104133714Th_1,PPP2
20161111133734Ch_1,PPP2
20161116222134Lh_1,PPP2
20161219133734Ch_1,PPP2
20161231223534Lh_1,PPP2
20170129133714Th_1,PPP2
20170313145450Bh_1,PPP2
20170326133730Ch_1,PPP2
20170328014950Uh_1,PPP2
20170329014850Uh_1,PPP2
20170330133710Th_1,PPP2
20170414151450Bh_1,PPP2
20170516134450Bh_1,PPP2
20170626133730Ch_1,PPP2
20170708164010Mh_1,PPP2
20170902231930Lh_1,PPP2
20170926225530Lh_1,PPP2
20171018223630Lh_1,PPP2
20171021223430Lh_1,PPP2
20171027150050Bh_1,PPP2
20171029171010Mh_1,PPP2
20171107222630Lh_1,PPP2
20171108222430Lh_1,PPP2
20171122022450Uh_1,PPP2
20180507140210Th_1,PPP2
20180726232450Bh_1,PPP2
20181012105930Ch_1,PPP2
20181030230030Lh_1,PPP2
20190605025430Lh_1,PPP2
20190607032610Mh_1,PPP2
20200310113230Ch_1,PPP2
20200806072410Th_1,PPP2
20201228202510Mh_1,PPP2
20210101202450Bh_1,PPP2
20210127110130Ch_1,PPP2
20210219230330Lh_1,PPP2
20210607142350Bh_1,PPP2
20210627163630Mh_1,PPP2
20210701163730Mh_1,PPP2
20210708060030Lh_1,PPP2
20210726041650Uh_1,PPP2
20210730044930Lh_1,PPP2
20210811072510Th_1,PPP2
20211119005210Mh_1,PPP2
20211214174010Mh_1,PPP2
20211224120130Ch_1,PPP2
20211231180850Bh_1,PPP2
20220124155050Bh_1,PPP2
20220328035030Lh_1,PPP2
20220523234912Lh_1,PPP2
20220621185332Bh_1,PPP2
20220626185332Bh_1,PPP2
20220714185352Th_1,PPP2
20220728185352Th_1,PPP2
